{"cameraMode":{"drawMode":0,"name":"Shaded","section":"Shading Mode"},"sceneLighting":true,"audioPlay":false,"sceneViewState":{"showFog":true,"showMaterialUpdate":true,"showSkybox":true,"showFlares":true,"showImageEffects":true,"showParticleSystems":true},"in2DMode":false,"pivot":{"x":70.27754211425781,"y":20.447303771972658,"z":66.54911041259766},"rotation":{"x":0.14951859414577485,"y":0.23205852508544923,"z":-0.03392743691802025,"w":0.9605555534362793},"size":142.89419555664063,"orthographic":false}